{
  "schema": "real2sim.physics_transform.v1",
  "input_mesh": "stage2://mesh/post.ply",
  "scale_mode": "normalize_max_extent",
  "target_extent_m": 1.0,
  "preliminary_scale_m_per_unit": 0.06622923677414082,
  "scale_m_per_unit": 0.0652276182035846,
  "rotation_matrix": [
    [
      0.9994942609431882,
      0.016978959532189426,
      -0.02688749290719332
    ],
    [
      0.016978959532189426,
      0.4299727044751819,
      0.9026822189117841
    ],
    [
      0.02688749290719332,
      -0.9026822189117841,
      0.42946696541837004
    ]
  ],
  "translation_source_units": [
    0.2062970483209604,
    -3.619294129935883,
    -10.488027778803673
  ],
  "transform_matrix": [
    [
      0.06519463004947623,
      0.0011074970898597653,
      -0.0017538071218019947,
      0.02783507984145645
    ],
    [
      0.0011074970898597653,
      0.028046095405469873,
      0.05887981113434242,
      -0.7188116898756738
    ],
    [
      0.0017538071218019947,
      -0.05887981113434242,
      0.02801310725136151,
      -0.0803370869800751
    ],
    [
      0.0,
      0.0,
      0.0,
      1.0
    ]
  ],
  "support_plane": {
    "point": [
      -0.2062970483209604,
      3.619294129935883,
      10.488027778803673
    ],
    "normal": [
      0.02688749290719332,
      -0.9026822189117841,
      0.42946696541836993
    ],
    "threshold_source_units": 0.07549535890095367,
    "inlier_count": 5251,
    "sample_count": 50000,
    "inlier_fraction": 0.10502
  },
  "input_bbox": {
    "min": [
      -6.338380399705735,
      -7.759469508429569,
      4.081027877311552
    ],
    "max": [
      8.760691380484998,
      6.738748536069488,
      16.90663522374767
    ],
    "extents": [
      15.099071780190734,
      14.498218044499056,
      12.825607346436119
    ]
  },
  "rotated_bbox_before_scale": {
    "min": [
      -6.1961785722471046,
      -7.036500264026562,
      -2.7659555559180733
    ],
    "max": [
      8.831670317221331,
      7.107038357356292,
      12.564973696762271
    ],
    "extents": [
      15.027848889468435,
      14.143538621382854,
      15.330929252680345
    ]
  },
  "output_bbox": {
    "min": [
      -0.40416197023176603,
      -0.4589741527113468,
      -0.18041669296950766
    ],
    "max": [
      0.5760688195516438,
      0.46357518453186725,
      0.8195833070304923
    ],
    "extents": [
      0.9802307897834098,
      0.9225493372432141,
      1.0
    ]
  },
  "input_stats": {
    "vertex_count": 2544685,
    "face_count": 4786886
  },
  "output_stats": {
    "vertex_count": 138653,
    "face_count": 250000
  },
  "mean_rgb": [
    137,
    131,
    122
  ]
}